"RelativePath","SizeBytes","SHA256"
"02.场景资产\New\scene-new.glb","2245228168","B9000CFC1066D995839D6B5CBFAA71451F8C69C146A4D4E657DE565C78F5ACB0"
"02.场景资产\New\Untitl.blend","630634990","1B348CFBD6B328A863CC991A2C069EE8208395A63F26F24678ABE28EC7798A8E"
"02.场景资产\New\Untitl.zip","413780672","61488408B4D54375B4A8E2E5EE3FA348AA563450B9D1CD22AB07F59C7FC2E5D7"
"02.场景资产\new-小溪\Untitl_30592_autosave_26584_autosave.blend1","1915467566","A93591BBABB67E09CD0EA79D9086498FB8A974A56FB3F69608AAA4960F68368F"
"02.场景资产\new-小溪\场地模型+小溪.blend","3117327678","16ED38614C87E23402225651F0681A7631318627C8ADC004450F06B6C00B203F"
"02.场景资产\new-小溪\场地模型+小溪.blend1","3117295204","82876143DD102881B98F58E168003911AABC97D7E93C33056392BEA2FB9FC651"
"02.场景资产\new-小溪\场地模型+小溪v2.blend","1112730151","B5B8503613E401EEC513BFD272A0CBF4A15C4D6DE5EAEAB80BE59E6FBE96EF0E"
"02.场景资产\new-小溪\场地模型+小溪v2.blend1","1338991597","55581C4540380FBC7BB03344A7B269EDC55F05E6307193DBB6FB6D1F320C4DB6"
"02.场景资产\new-小溪\新建文件夹\场地模型+小溪v2.zip","406817043","269831A12AA1CF8547C9BEB956B276E535ADDA0715CE0627F7BCD79002625CA2"
"02.场景资产\new-小溪\新建文件夹\场地模型+小溪v2\场地模型+小溪v2.glb","658029196","A34748A5DDE0D621176DEE49D324FAE6942991DDF4AAC03B9C1D5A542B291794"
"02.场景资产\new3\scene-terrain.glb","234016552","A652AE7168ADDA5E75974C5034CCC1FE0D309C8A119991CC709EFA8F16A03335"
"02.场景资产\new3\Untitl_30592_autosave.blend","1925365989","2F32F522AD1ACE9555C55574B38B20E3BBC73F551E72A8C6B6866AA031AD5AC3"
"02.场景资产\new3\Untitl_30592_autosave.blend1","1925351288","9B54DB86E3213AAC08A60AAAEDC8744801616DE36F25405AADD2049CEB3D9FA6"
"水獭星球交付代码\otterlantis-full-handoff-20260624-gulu-clean\public\场景\场地模型+小溪v2.glb","658029196","A34748A5DDE0D621176DEE49D324FAE6942991DDF4AAC03B9C1D5A542B291794"
